initial_demo,replaced_demo,comments,comments_processed
[],[],drfr att l ville ha bort dom frn den platsen s att alla har tillgng till stadens gemensamma omrden,drfr att l ville ha bort dom frn den platsen s att alla har tillgng till stadens gemensamma omrden
[],[],hence this isnt cus of feminism but cus of many external factors,hence this isnt cus of feminism but cus of many external factors
[],[],bocchis dad gave her a guitar. seems alright even if he doesnt have a face,bocchis dad gave her a guitar. seems alright even if he doesnt have a face
[],[],drfr att l ville ha bort dom frn den platsen s att alla har tillgng till stadens gemensamma omrden,drfr att l ville ha bort dom frn den platsen s att alla har tillgng till stadens gemensamma omrden
[],[],hence this isnt cus of feminism but cus of many external factors,hence this isnt cus of feminism but cus of many external factors
[],[],bocchis dad gave her a guitar. seems alright even if he doesnt have a face,bocchis dad gave her a guitar. seems alright even if he doesnt have a face
[],[],kann man eigentlich direkt mit strom aus der powerstation fahren? also einfach ladegert an die powerstation und los?,kann man eigentlich direkt mit strom aus der powerstation fahren? also einfach ladegert an die powerstation und los?
[],[],unpopular opinion if youre getting a lot of comments on it youre probably wearing too much perfume.,unpopular opinion if youre getting a lot of comments on it youre probably wearing too much perfume.
[],[],can agree on this statement. and the fulton team is the best you want to glass a ebr on a not.,can agree on this statement. and the fulton team is the best you want to glass a ebr on a not.
[],[],drfr att l ville ha bort dom frn den platsen s att alla har tillgng till stadens gemensamma omrden,drfr att l ville ha bort dom frn den platsen s att alla har tillgng till stadens gemensamma omrden
[],[],kann man eigentlich direkt mit strom aus der powerstation fahren? also einfach ladegert an die powerstation und los?,kann man eigentlich direkt mit strom aus der powerstation fahren? also einfach ladegert an die powerstation und los?
[],[],unpopular opinion if youre getting a lot of comments on it youre probably wearing too much perfume.,unpopular opinion if youre getting a lot of comments on it youre probably wearing too much perfume.
[],[],can agree on this statement. and the fulton team is the best you want to glass a ebr on a not.,can agree on this statement. and the fulton team is the best you want to glass a ebr on a not.
[],[],drfr att l ville ha bort dom frn den platsen s att alla har tillgng till stadens gemensamma omrden,drfr att l ville ha bort dom frn den platsen s att alla har tillgng till stadens gemensamma omrden
[],[],now that tot has been released does it use iobt? if not are there any plans to implement that if i may ask?,now that tot has been released does it use iobt? if not are there any plans to implement that if i may ask?
[],[],in comparison to where in the us? ive always heard toronto was comparable nyc in prices.,in comparison to where in the us? ive always heard toronto was comparable nyc in prices.
[],[],now that tot has been released does it use iobt? if not are there any plans to implement that if i may ask?,now that tot has been released does it use iobt? if not are there any plans to implement that if i may ask?
[],[],in comparison to where in the us? ive always heard toronto was comparable nyc in prices.,in comparison to where in the us? ive always heard toronto was comparable nyc in prices.
[],[],now that tot has been released does it use iobt? if not are there any plans to implement that if i may ask?,now that tot has been released does it use iobt? if not are there any plans to implement that if i may ask?
[],[],me personally,me personally
[],[],in comparison to where in the us? ive always heard toronto was comparable nyc in prices.,in comparison to where in the us? ive always heard toronto was comparable nyc in prices.
[],[],cordell patterson,cordell patterson
['aunt'],['uncle'],if youve got it flaunt it !,if youve got it fluncle it !
[],[],coverage was good. i just wouldnt ski east fall it was fun but they left it ungroomed so the trenches were thin.,coverage was good. i just wouldnt ski east fall it was fun but they left it ungroomed so the trenches were thin.
[],[],cordell patterson,cordell patterson
['aunt'],['uncle'],if youve got it flaunt it !,if youve got it fluncle it !
[],[],coverage was good. i just wouldnt ski east fall it was fun but they left it ungroomed so the trenches were thin.,coverage was good. i just wouldnt ski east fall it was fun but they left it ungroomed so the trenches were thin.
[],[],this is the reason for exploitation. ur own fears belittle ur wings.,this is the reason for exploitation. ur own fears belittle ur wings.
[],[],esse governo que vc menciona controlado pela burguesia.,esse governo que vc menciona controlado pela burguesia.
[],[],cordell patterson,cordell patterson
['aunt'],['uncle'],if youve got it flaunt it !,if youve got it fluncle it !
[],[],whats the update brother?,whats the update brother?
[],[],this is the reason for exploitation. ur own fears belittle ur wings.,this is the reason for exploitation. ur own fears belittle ur wings.
[],[],esse governo que vc menciona controlado pela burguesia.,esse governo que vc menciona controlado pela burguesia.
[],[],cordell patterson,cordell patterson
['aunt'],['uncle'],if youve got it flaunt it !,if youve got it fluncle it !
[],[],whats the update brother?,whats the update brother?
[],[],dragon ball dragon ball z it has fillers dragon ball kai  its z but without fillers dragon ball daima dragon ball super dragon ball super  manga,dragon ball dragon ball z it has fillers dragon ball kai  its z but without fillers dragon ball daima dragon ball super dragon ball super  manga
[],[],if you are smoking af adalya and nakhla thats their life time. from turkey you want revoshi.5-2 hours from germany holster hours,if you are smoking af adalya and nakhla thats their life time. from turkey you want revoshi.5-2 hours from germany holster hours
[],[],dm me im m and daddy,dm me im m and daddy
[],[],no. exclam la persona que les gan.,no. exclam la persona que les gan.
[],[],god i want to delete my comments out of the extreme shame im feeling but ill let them stay cuz im no coward,god i want to delete my comments out of the extreme shame im feeling but ill let them stay cuz im no coward
[],[],dragon ball dragon ball z it has fillers dragon ball kai  its z but without fillers dragon ball daima dragon ball super dragon ball super  manga,dragon ball dragon ball z it has fillers dragon ball kai  its z but without fillers dragon ball daima dragon ball super dragon ball super  manga
[],[],if you are smoking af adalya and nakhla thats their life time. from turkey you want revoshi.5-2 hours from germany holster hours,if you are smoking af adalya and nakhla thats their life time. from turkey you want revoshi.5-2 hours from germany holster hours
[],[],dm me im m and daddy,dm me im m and daddy
[],[],no. exclam la persona que les gan.,no. exclam la persona que les gan.
[],[],god i want to delete my comments out of the extreme shame im feeling but ill let them stay cuz im no coward,god i want to delete my comments out of the extreme shame im feeling but ill let them stay cuz im no coward
[],[],dragon ball dragon ball z it has fillers dragon ball kai  its z but without fillers dragon ball daima dragon ball super dragon ball super  manga,dragon ball dragon ball z it has fillers dragon ball kai  its z but without fillers dragon ball daima dragon ball super dragon ball super  manga
[],[],if you are smoking af adalya and nakhla thats their life time. from turkey you want revoshi.5-2 hours from germany holster hours,if you are smoking af adalya and nakhla thats their life time. from turkey you want revoshi.5-2 hours from germany holster hours
[],[],dm me im m and daddy,dm me im m and daddy
[],[],no. exclam la persona que les gan.,no. exclam la persona que les gan.
[],[],god i want to delete my comments out of the extreme shame im feeling but ill let them stay cuz im no coward,god i want to delete my comments out of the extreme shame im feeling but ill let them stay cuz im no coward
[],[],dragon ball dragon ball z it has fillers dragon ball kai  its z but without fillers dragon ball daima dragon ball super dragon ball super  manga,dragon ball dragon ball z it has fillers dragon ball kai  its z but without fillers dragon ball daima dragon ball super dragon ball super  manga
[],[],if you are smoking af adalya and nakhla thats their life time. from turkey you want revoshi.5-2 hours from germany holster hours,if you are smoking af adalya and nakhla thats their life time. from turkey you want revoshi.5-2 hours from germany holster hours
[],[],dm me im m and daddy,dm me im m and daddy
[],[],no. exclam la persona que les gan.,no. exclam la persona que les gan.
[],[],6.5 is my personal preference. my rating is so low because im dont like chest hair much but others will,6.5 is my personal preference. my rating is so low because im dont like chest hair much but others will
[],[],our society is so beta soy and pussy .. if the uk was ever nuked our human rights lawyers would intervene in our counter strike.,our society is so beta soy and pussy .. if the uk was ever nuked our human rights lawyers would intervene in our counter strike.
[],[],cosa ti ha spinto realmente a scrivere questo post?,cosa ti ha spinto realmente a scrivere questo post?
"['wife', 'wife']","['husband', 'husband']",my hotwife would devour you,my hothusband would devour you
[],[],they invested how many billions into those goggles that nobody is buying?!,they invested how many billions into those goggles that nobody is buying?!
[],[],are you comparing german sport cars to toyotas or am i dreaming ?,are you comparing german sport cars to toyotas or am i dreaming ?
[],[],6.5 is my personal preference. my rating is so low because im dont like chest hair much but others will,6.5 is my personal preference. my rating is so low because im dont like chest hair much but others will
[],[],our society is so beta soy and pussy .. if the uk was ever nuked our human rights lawyers would intervene in our counter strike.,our society is so beta soy and pussy .. if the uk was ever nuked our human rights lawyers would intervene in our counter strike.
[],[],cosa ti ha spinto realmente a scrivere questo post?,cosa ti ha spinto realmente a scrivere questo post?
"['wife', 'wife']","['husband', 'husband']",my hotwife would devour you,my hothusband would devour you
[],[],they invested how many billions into those goggles that nobody is buying?!,they invested how many billions into those goggles that nobody is buying?!
[],[],6.5 is my personal preference. my rating is so low because im dont like chest hair much but others will,6.5 is my personal preference. my rating is so low because im dont like chest hair much but others will
[],[],our society is so beta soy and pussy .. if the uk was ever nuked our human rights lawyers would intervene in our counter strike.,our society is so beta soy and pussy .. if the uk was ever nuked our human rights lawyers would intervene in our counter strike.
[],[],cosa ti ha spinto realmente a scrivere questo post?,cosa ti ha spinto realmente a scrivere questo post?
"['wife', 'wife']","['husband', 'husband']",my hotwife would devour you,my hothusband would devour you
[],[],im extremely jealous of your brother,im extremely jealous of your brother
[],[],nope pretty populard animated movie and a very high budget. i think its been mentioned here,nope pretty populard animated movie and a very high budget. i think its been mentioned here
[],[],i do not agree at all  regional at best have nothing similar too this song sonically,i do not agree at all  regional at best have nothing similar too this song sonically
[],[],just make sure the acitivity never goes landscape in the manifest.,just make sure the acitivity never goes landscape in the manifest.
[],[],bro on his way to suicidal mentality,bro on his way to suicidal mentality
[],[],sadness disappointment loathing..?,sadness disappointment loathing..?
[],[],i do not agree at all  regional at best have nothing similar too this song sonically,i do not agree at all  regional at best have nothing similar too this song sonically
[],[],just make sure the acitivity never goes landscape in the manifest.,just make sure the acitivity never goes landscape in the manifest.
[],[],bro on his way to suicidal mentality,bro on his way to suicidal mentality
[],[],sadness disappointment loathing..?,sadness disappointment loathing..?
[],[],they have a brutal schedule for the remaining part of the season. its going to expose them big time.,they have a brutal schedule for the remaining part of the season. its going to expose them big time.
[],[],? wow that is almost some years aftere starts up. any particular reason you chose to go so far in the future?,? wow that is almost some years aftere starts up. any particular reason you chose to go so far in the future?
[],[],and the opioids and the environmental disasters and a propensity to elect leaders who dont care about ohioans,and the opioids and the environmental disasters and a propensity to elect leaders who dont care about ohioans
[],[],nope pretty populard animated movie and a very high budget. i think its been mentioned here,nope pretty populard animated movie and a very high budget. i think its been mentioned here
[],[],they have a brutal schedule for the remaining part of the season. its going to expose them big time.,they have a brutal schedule for the remaining part of the season. its going to expose them big time.
[],[],? wow that is almost some years aftere starts up. any particular reason you chose to go so far in the future?,? wow that is almost some years aftere starts up. any particular reason you chose to go so far in the future?
[],[],and the opioids and the environmental disasters and a propensity to elect leaders who dont care about ohioans,and the opioids and the environmental disasters and a propensity to elect leaders who dont care about ohioans
[],[],nope pretty populard animated movie and a very high budget. i think its been mentioned here,nope pretty populard animated movie and a very high budget. i think its been mentioned here
[],[],guy pierce  memento,guy pierce  memento
[],[],yep a circular argument if i ever heard one.,yep a circular argument if i ever heard one.
