rewire_id,text,label_sexist,label_category,label_vector,split,sexism_grade
sexism2022_english-10023,"look at that pale fatass blob with a pixie cut, or weird beatles haircut. she waddles around wearing vile shirts. i hope trash like her die off before producing offspring.",not sexist,none,none,test,sexist (high confidence)
sexism2022_english-10028,feminism is bad for women. more research on why it hurt families and women. gabfam feminsim,sexist,4. prejudiced discussions,4.2 supporting systemic discrimination against women as a group,test,sexist (high confidence)
sexism2022_english-10042,"single for women mean sleeping around and finding a partner within a few days. i've never had sex. i'm not single, i'm incel.",sexist,3. animosity,3.2 immutable gender differences and gender stereotypes,test,sexist (high confidence)
sexism2022_english-10121,"be careful with the girls. most of them who are willing to do the pump and dump are borderline. they can be of a relatively mild version, but if encounter a strange one, just get away. and dont forget to make a video.",not sexist,none,none,test,sexist (high confidence)
sexism2022_english-10203,what's the going timeframe onto getting on gab nowadays??? i'm trying to recruit hardcore since twat is going crazy with censorship.,sexist,3. animosity,"3.1 casual use of gendered slurs, profanities, and insults",test,sexist (high confidence)
sexism2022_english-10231,"when a girl gives you shit test, scare the shit out of her.",sexist,"1. threats, plans to harm and incitement",1.2 incitement and encouragement of harm,test,sexist (high confidence)
sexism2022_english-10244,so what would happen if every man with a spine and women with a sense of humor on twatter tweeted this meme every day for a week?? i guess i should've asked first - just how many men out there still own a spine...,not sexist,none,none,test,sexist (high confidence)
sexism2022_english-10304,people have no problems with a female lead. they got problems with them shoving down bullshit pcsjw down their throats. disney already ruined star wars marvel is just next on the list.,sexist,4. prejudiced discussions,4.2 supporting systemic discrimination against women as a group,test,sexist (high confidence)
sexism2022_english-10379,"you say you're a mgtow, why in the hell did you agree to this? she made her damn bed. bet your ass she would have never done the same for you if you were in her situation.",sexist,2. derogation,2.2 aggressive and emotive attacks,test,sexist (high confidence)
sexism2022_english-1040,nothing is as dangerous to feminism as a traditional woman.,not sexist,none,none,test,sexist (high confidence)
sexism2022_english-10456,she gets a bad rap because it's pretty obvious which group she disagrees with.. if the fem-nazis hate her she can't be all that bad,sexist,2. derogation,2.2 aggressive and emotive attacks,test,sexist (high confidence)
sexism2022_english-10588,"she is garbage sent here to harm and die. contaminated by the west, she will be killed by her masters. don't listen the real monsters wait in the shadows. you have no idea of the horrors she brings.",not sexist,none,none,test,sexist (high confidence)
sexism2022_english-106,"protest victim? woman punched on video talks about assault during berkeley demonstration says she was attacked? video doesn't lie, beeottch! you did the attacking, and got your clock cleaned for doing it you piss ant!",sexist,2. derogation,2.2 aggressive and emotive attacks,test,sexist (high confidence)
sexism2022_english-1069,hoochie mama,sexist,2. derogation,2.2 aggressive and emotive attacks,test,sexist (high confidence)
sexism2022_english-10735,"she didn't have to be a bitch about it. she literally went out of her way to rub the rejection in his face, when a simple i appriciate the offer but i have a boyfriend would have sufficed.",sexist,2. derogation,2.2 aggressive and emotive attacks,test,sexist (high confidence)
sexism2022_english-10990,"dude, it took me 10 minutes to figure out these were before and after pics. at first i didn't believe that most women hit the wall hard at 30. this was a really fucking mind opener",sexist,2. derogation,2.1 descriptive attacks,test,sexist (high confidence)
sexism2022_english-11039,"so whose fault is it for wet dreams? if a wife or girlfriend deliberately withholds sex, isn't she also contributing to acts against an unborn child?",not sexist,none,none,test,sexist (high confidence)
sexism2022_english-11055,"maxims larochefoucauld the greater number of good women are like concealed treasures, safe as no one has searched for them.",not sexist,none,none,test,sexist (high confidence)
sexism2022_english-11121,come on.. even women for fuck's sake.. are coming out in msm saying the me too rape culture shit needs to get capped. this nonsense has gone too far.. when does it end?,sexist,4. prejudiced discussions,4.2 supporting systemic discrimination against women as a group,test,sexist (high confidence)
sexism2022_english-11149,nobody except the most diehard pussy hat partisan sycophants like her. even a near-majority of those who voted for her are sick of her. i want her to die.,sexist,"1. threats, plans to harm and incitement",1.2 incitement and encouragement of harm,test,sexist (high confidence)
sexism2022_english-11170,"that is knajjd, everybody hate that pricks gutts, he ban people randomly, he is also 5'2 and looks like a girl",sexist,3. animosity,3.2 immutable gender differences and gender stereotypes,test,sexist (high confidence)
sexism2022_english-11173,"of course not dear, and now men are using the exact same argument since men are by far more often murdered than women. i have no obligation to put myself in harms way to help a stranger because she has a vagina.",not sexist,none,none,test,sexist (high confidence)
sexism2022_english-11188,"nah, women live life without a care",not sexist,none,none,test,sexist (high confidence)
sexism2022_english-11223,globogayplex is trying to recruit your wife.,not sexist,none,none,test,sexist (high confidence)
sexism2022_english-11239,it was pretty much that during the last election. the dems just need a few more single moms in society to competly control everything,sexist,3. animosity,3.2 immutable gender differences and gender stereotypes,test,sexist (high confidence)
sexism2022_english-11252,can't really pick a side in this one female israeli soldier uses martial arts to fight off crowd of ultra-orthodox demonstrators as they call her a 'wh',not sexist,none,none,test,sexist (high confidence)
sexism2022_english-11284,this right here. attractive women are attracted to trust fundy douche nozzle frat boys. debate me.,sexist,3. animosity,3.2 immutable gender differences and gender stereotypes,test,sexist (high confidence)
sexism2022_english-11296,"if you don't want your mother fucked, keep her off the streets",sexist,2. derogation,2.3 dehumanising attacks & overt sexual objectification,test,sexist (high confidence)
sexism2022_english-11301,"don't think that using the word feminine wasn't strategic, mo. it was. and i couldn't agree more with everything else you wrote. they attempt to bring the rest of us down to their level. not gonna happen ... lol, men are a gift from god.",sexist,3. animosity,3.2 immutable gender differences and gender stereotypes,test,sexist (high confidence)
sexism2022_english-11340,so they confirm being a women means being a hole. sexist pig vice! reeeeeeee,sexist,2. derogation,2.1 descriptive attacks,test,sexist (high confidence)
sexism2022_english-1149,"fucking skank. she should be in jail,",sexist,2. derogation,2.2 aggressive and emotive attacks,test,sexist (high confidence)
sexism2022_english-11613,but if a women says shes suicidal shes get the attention of 1000 guys like wtf. and they wonder why male suicide is so high,sexist,3. animosity,3.2 immutable gender differences and gender stereotypes,test,sexist (high confidence)
sexism2022_english-11638,how do you make lady gaga scream? bite her clit off.,sexist,"1. threats, plans to harm and incitement",1.2 incitement and encouragement of harm,test,sexist (high confidence)
sexism2022_english-11759,"i don't care if she's trump's daughter.., she's an insane, anti-american, jew married vapid overly privileged female...",not sexist,none,none,test,sexist (high confidence)
sexism2022_english-11761,providing emotional support is gay. the best way to pull anyone women included out of depression is squats and nutritious food. you should be leading your girlfriend not being her vagina boy. she already has a vagina she doesn't need a second.,sexist,3. animosity,3.4 condescending explanations or unwelcome advice,test,sexist (high confidence)
sexism2022_english-1178,"sorry, i don't speak stupid bitch...",sexist,2. derogation,2.2 aggressive and emotive attacks,test,sexist (high confidence)
sexism2022_english-11806,for sex just ask the girl you've been in contact with if she wants to come over and you'll cook her dinner. make something that would make a 5 star restaurant jealous. find a new girl at the party.,not sexist,none,none,test,sexist (high confidence)
sexism2022_english-11829,it would be funny to see that ugly old bag trying to wrap them ugly legs around her neck,not sexist,none,none,test,sexist (high confidence)
sexism2022_english-11843,"oh yes, she should be shot.",sexist,"1. threats, plans to harm and incitement",1.2 incitement and encouragement of harm,test,sexist (high confidence)
sexism2022_english-11844,"i always wanted to see one of those so i could run up, pull out my cock and fuck her face.",sexist,3. animosity,"3.1 casual use of gendered slurs, profanities, and insults",test,sexist (high confidence)
sexism2022_english-11845,sounds like so many men in this sub talking about feminism. feminism is about equal rights for women. feminists are about giving women the benefits and baring none of the responsibility in society. let's end the women hate fellas.,sexist,2. derogation,2.1 descriptive attacks,test,sexist (high confidence)
sexism2022_english-11872,heres a banana bitch since you wanna act like a monkey,sexist,3. animosity,"3.1 casual use of gendered slurs, profanities, and insults",test,sexist (high confidence)
sexism2022_english-11886,you've seduced a girl before right? just do the same thing with her without the kissing. pull ya dick out and make er suck for god sakes,sexist,"1. threats, plans to harm and incitement",1.2 incitement and encouragement of harm,test,sexist (high confidence)
sexism2022_english-12075,gorier allred is a blatant misandrist. her dad must have molested her.,sexist,3. animosity,3.2 immutable gender differences and gender stereotypes,test,sexist (high confidence)
sexism2022_english-12085,the cute girl at the dog park is also probably getting hallowed out by the basketball team in her spare time or posting her shit for free online though. shrug,not sexist,none,none,test,sexist (high confidence)
sexism2022_english-12093,"because women are taught by society that men with no ambition and shit personalities are not diserable, so its soiciety that needs to change so women can change... easy peasy",sexist,3. animosity,3.4 condescending explanations or unwelcome advice,test,sexist (high confidence)
sexism2022_english-1211,fuck that cunt. hope she gets locked up for saying that shit on social media. cheating bitch,sexist,2. derogation,2.2 aggressive and emotive attacks,test,sexist (high confidence)
sexism2022_english-12148,"nah, not really. when attractive women shun me for what i can control my incel lite awalt worldview, the trauma lives on. ftfy",not sexist,none,none,test,sexist (high confidence)
sexism2022_english-12163,get packing you miserable freeze-dried old kike cunt.,sexist,3. animosity,"3.1 casual use of gendered slurs, profanities, and insults",test,sexist (high confidence)
sexism2022_english-12170,tell that to weev you lying shitskin son of a bitch.,sexist,3. animosity,"3.1 casual use of gendered slurs, profanities, and insults",test,sexist (high confidence)
sexism2022_english-12229,i'd be willing to end the 19th amendment to stop that emily in her tracks.,sexist,4. prejudiced discussions,4.2 supporting systemic discrimination against women as a group,test,sexist (high confidence)
sexism2022_english-12267,"yes, it is new. what remains constant is that feminists are playing to the fears of women to instill hate.",sexist,4. prejudiced discussions,4.2 supporting systemic discrimination against women as a group,test,sexist (high confidence)
sexism2022_english-12295,this is why in other cultures women are beat on their wedding night,sexist,"1. threats, plans to harm and incitement",1.2 incitement and encouragement of harm,test,sexist (high confidence)
sexism2022_english-12298,if only my ex was a nice woman like her and just put a bullet in my head instead of torturing me on a daily basis... most women prefer the death by 1000000 cuts method.,sexist,2. derogation,2.1 descriptive attacks,test,sexist (high confidence)
sexism2022_english-12302,"actually first i advise to make here take a pregnancy test before running away , she could have sex with any man in the next month , get pregnant , and say the child is his , he needs to kill the possibility then run ... run and never look back",not sexist,none,none,test,sexist (high confidence)
sexism2022_english-12327,should've hit her ass with tranq dart and let the lion do lion things.,not sexist,none,none,test,sexist (high confidence)
sexism2022_english-12336,giving women all your money is good personality.,sexist,2. derogation,2.1 descriptive attacks,test,sexist (high confidence)
sexism2022_english-12388,i'd just love to be able to walk up to her and punch her in the face...just once.,sexist,"1. threats, plans to harm and incitement",1.1 threats of harm,test,sexist (high confidence)
sexism2022_english-12423,buahahahahahaha. . .stop paying for women. wtf. they don't give threee flying fucks about you.,sexist,2. derogation,2.1 descriptive attacks,test,sexist (high confidence)
sexism2022_english-12448,"my cat i had for 15 years died and i broke down a little infront of a plate. absolutely nothing changed. just never bring it up again. think of it as a test for her. if she leaves, she was trash to begin with.",not sexist,none,none,test,sexist (high confidence)
sexism2022_english-12458,"i hope we dont. maybe if all the woman-bashing and cunt speak were minimized, then we would be less likely to get banned ...? dunno",sexist,3. animosity,"3.1 casual use of gendered slurs, profanities, and insults",test,sexist (high confidence)
sexism2022_english-12493,date rape is a common form of rape what would stop the attackers from using objects especially if the attacker was a woman.,not sexist,none,none,test,sexist (high confidence)
sexism2022_english-12508,literally any woman that isnt fat but even fat women only want chad and tyrone,sexist,3. animosity,3.2 immutable gender differences and gender stereotypes,test,sexist (high confidence)
sexism2022_english-12565,"absolutely not. she can tie you up, feed you with viagra and rape you until she gets pregnant and you will be liable for child support 'in the best interest of the child'. welcome to the u.s.",sexist,4. prejudiced discussions,4.2 supporting systemic discrimination against women as a group,test,sexist (high confidence)
sexism2022_english-12774,"well obviously, when a woman commits rape, its out of love, not lust. s tag for the sarcasm impaired.",not sexist,none,none,test,sexist (high confidence)
sexism2022_english-12797,she looked worse on her livestream,not sexist,none,none,test,sexist (high confidence)
sexism2022_english-12996,shudder.. if you had to have sex with her you would have to roll her in flour first so you could find the wet parts.,sexist,2. derogation,2.3 dehumanising attacks & overt sexual objectification,test,sexist (high confidence)
sexism2022_english-13015,rape list put up in boys' toilets. the girls who get the most ticks will be the ones to be raped.,sexist,"1. threats, plans to harm and incitement",1.1 threats of harm,test,sexist (high confidence)
sexism2022_english-13042,looks like a tranny witch,sexist,2. derogation,2.2 aggressive and emotive attacks,test,sexist (high confidence)
sexism2022_english-1313,"greens, eh? the fateful question of the occident is thus now whether young female university graduates can be continually served with yoga and pilates courses even amidst the ruins looming on the horizon.",sexist,2. derogation,2.1 descriptive attacks,test,sexist (high confidence)
sexism2022_english-13150,"canadians, how could you have elected this ignorant piece of shit to be the leader of you country? he is a left wing pussy not fit to govern anybody anywhere.",sexist,3. animosity,"3.1 casual use of gendered slurs, profanities, and insults",test,sexist (high confidence)
sexism2022_english-13212,"so which is is gals? are you strong, independent, and persistent, or are you victims that constantly needs men to come to your defense? chivalry is long dead, so you better put your big-boy pants on bitches...",sexist,2. derogation,2.2 aggressive and emotive attacks,test,sexist (high confidence)
sexism2022_english-13452,i don't care if she doesn't care. if she tries to break into my house i will shoot her. dead.,sexist,"1. threats, plans to harm and incitement",1.1 threats of harm,test,sexist (high confidence)
sexism2022_english-13518,hilarity. i had sex with a black woman once. it was a bizarre sensation. it occurred to me perhaps this is what prison sex is like you close your eyes and try to imagine you are having sex with a woman.,sexist,2. derogation,2.3 dehumanising attacks & overt sexual objectification,test,sexist (high confidence)
sexism2022_english-13568,"sometimes girls laugh if they like you, they're silly creatures.",not sexist,none,none,test,sexist (high confidence)
sexism2022_english-13793,i always thought fat activists the philosophy is rife with sexual entitlement were the female version of incels. til.,sexist,2. derogation,2.1 descriptive attacks,test,sexist (high confidence)
sexism2022_english-13808,"jesus if looks could kill she could kill my children just by her stare. good thing she's a female, otherwise she'd be treated like an adult by the criminal justice system.",sexist,4. prejudiced discussions,4.2 supporting systemic discrimination against women as a group,test,sexist (high confidence)
sexism2022_english-13846,if i say bad things about women my wiener wont get action!!!,not sexist,none,none,test,sexist (high confidence)
sexism2022_english-1398,"get the bitch. if she's guilty, send her to a prison in the negev and gas her daily. or something lmao. how many more of those roaches in israel are guilty of something? pm's, a former president there... bunch of lowlifes...",sexist,"1. threats, plans to harm and incitement",1.2 incitement and encouragement of harm,test,sexist (high confidence)
sexism2022_english-14031,"i'll throw her a bone, she looked pretty good until 35-40. better than most women can say.",sexist,3. animosity,3.2 immutable gender differences and gender stereotypes,test,sexist (high confidence)
sexism2022_english-14051,lol. scaredy-twat runs away again.,sexist,3. animosity,"3.1 casual use of gendered slurs, profanities, and insults",test,sexist (high confidence)
sexism2022_english-14075,"this is great! they include both genders and adoptions. honestly men will most likely not take advantage nearly as much as women, however this is a huge step forward!",not sexist,none,none,test,sexist (high confidence)
sexism2022_english-14147,the whole beta provider paradigm will slowly collapse for women. the only beta providers that will stay in the game will be 0 to 3's. that's like me getting rid of a dry spell by fucking a 400 pound land whale. there are limits. women are fucked.,sexist,2. derogation,2.1 descriptive attacks,test,sexist (high confidence)
sexism2022_english-1420,they know women are shit and prefer male friends....and then talk shit and use and abuse them!,sexist,2. derogation,2.1 descriptive attacks,test,sexist (high confidence)
sexism2022_english-14204,i used like katy perry. now....i can not stand the sight of her. what a dumb hitch.,sexist,2. derogation,2.2 aggressive and emotive attacks,test,sexist (high confidence)
sexism2022_english-14211,stopmilitantfeminisim conservative women have class know these twits will destroy themselves.,sexist,2. derogation,2.1 descriptive attacks,test,sexist (high confidence)
sexism2022_english-14219,the moment my mom divorced my dad and went riding the cock carousel i knew id never date again. seven years later ive held up. been a great 7 years.,sexist,2. derogation,2.2 aggressive and emotive attacks,test,sexist (high confidence)
sexism2022_english-14270,"it is pretty remarkable to be honest dozens of literally porn star type girls that you can fuck for cheap. and people want to get a 10 so badly lol. fucking a 10 feels awesome but its still just fucking, i agree",sexist,2. derogation,2.3 dehumanising attacks & overt sexual objectification,test,sexist (high confidence)
sexism2022_english-14428,people who kick babies do not belong in western civilization. people who kick babies black welfare moms refugees drug addicts pedophiles sociopaths satanists abortionists chimps,sexist,2. derogation,2.2 aggressive and emotive attacks,test,sexist (high confidence)
sexism2022_english-14500,if you said it it would be a lie. you lack honor. clearly you are a female.,sexist,2. derogation,2.1 descriptive attacks,test,sexist (high confidence)
sexism2022_english-14511,it could be like for the ladies' corner of your man cave. where they could pause and be cheered by its message in between bearing platters of food and drink up and down the stairs.,sexist,3. animosity,3.2 immutable gender differences and gender stereotypes,test,sexist (high confidence)
sexism2022_english-14519,"post pic so we have context, try older women if your virginity is not super sacred to you, was at the bar yesterday and the amount of 40 year old cougars hunting for young meat was borderline pathetic",sexist,2. derogation,2.1 descriptive attacks,test,sexist (high confidence)
sexism2022_english-14567,"umm...what the fuck are you bringing to the table, twat?",sexist,3. animosity,"3.1 casual use of gendered slurs, profanities, and insults",test,sexist (high confidence)
sexism2022_english-14700,just take it easy on the weights so you don't end up with the big biceps and linebacker shoulders too many women have these days.,sexist,3. animosity,3.3 backhanded gendered compliments,test,sexist (high confidence)
sexism2022_english-14758,hit her with a club on the back of the head and carry her back to your cave oonga boonga style,sexist,"1. threats, plans to harm and incitement",1.2 incitement and encouragement of harm,test,sexist (high confidence)
sexism2022_english-14870,"sure seems it. being as modern feminism and culture has told the women that the best way to happiness and success has to essentially become men, save for the penis, the only thing they need is one.",sexist,3. animosity,3.4 condescending explanations or unwelcome advice,test,sexist (high confidence)
sexism2022_english-14871,how did she get two queens??! how did the castle and bishop become king and queen? why is one of the black pawns behind the front line? this bitch be dummmm,sexist,2. derogation,2.2 aggressive and emotive attacks,test,sexist (high confidence)
sexism2022_english-14909,"yeah but she's a typical white girl. thin brows, no lashes, thin lips, but also with bad skin. all of my white friends look pretty... tired without makeup.",sexist,2. derogation,2.1 descriptive attacks,test,sexist (high confidence)
sexism2022_english-14974,"man praises his thicker wife and thicker women in general, proceeds to piss off feminists anyways. hopefully he learned his lesson. never identify as a feminist and never try to appease them. they. hate. you. you. will. never. please. them.",sexist,2. derogation,2.1 descriptive attacks,test,sexist (high confidence)
sexism2022_english-14991,half the human population counts as a 'minority' to you? some women don't give a shit about pushing paper as an office drone for 50 years of their life.,sexist,4. prejudiced discussions,4.2 supporting systemic discrimination against women as a group,test,sexist (high confidence)
sexism2022_english-15081,"if i was put in this situation, i think i might actually kill someone. at that point i would have realized i was fucked in more ways than one and if i was gonna go out, i'm taking her with me.",sexist,"1. threats, plans to harm and incitement",1.2 incitement and encouragement of harm,test,sexist (high confidence)
sexism2022_english-15205,anthem is like a crack baby. it's already going to be fucked up thanks to the mother's addiction.,not sexist,none,none,test,sexist (high confidence)
sexism2022_english-15247,"never help a roastie, you will never get anything in return.",sexist,2. derogation,2.1 descriptive attacks,test,sexist (high confidence)
sexism2022_english-15305,"excellent video, neatly showing how women steal from men. marriage, meritricious law and diamond rings are all jew inventions that transfer wealth from men to women.",sexist,2. derogation,2.1 descriptive attacks,test,sexist (high confidence)
sexism2022_english-15413,do we really care what this witch thinks? why do we repost her crap... ignore her,not sexist,none,none,test,sexist (high confidence)
sexism2022_english-15540,"i agree. i'm a 4 or 510. i fucking hate my life, and i'm starting to get a hatred towards women.",sexist,2. derogation,2.2 aggressive and emotive attacks,test,sexist (high confidence)
sexism2022_english-15616,"nah, women definitely prefer fat over skinny.",sexist,3. animosity,3.2 immutable gender differences and gender stereotypes,test,sexist (high confidence)
sexism2022_english-15665,he seems like a really nice dude. i hope his current wife doesn't decide to cheat and devorce rape him because she's bored.,sexist,2. derogation,2.1 descriptive attacks,test,sexist (high confidence)
sexism2022_english-15680,"just looking at her dumpy fat ass... reminds me of her screeching voice, which was like nails on a chalkboard. fuck i'm grateful she is frightening bears in the woods of chappaqua",not sexist,none,none,test,sexist (high confidence)
sexism2022_english-15742,the dating situation for black women is extremely pitiful. i actually feel bad for the smarter ones.,sexist,2. derogation,2.1 descriptive attacks,test,sexist (high confidence)
sexism2022_english-15753,ew that's fucking gross. and i thought things couldn't get more gross than it already is with this tranny shit. boys can't have vaginas and girls can't have dicks. i don't understand why people are so fucked in the head.,sexist,3. animosity,"3.1 casual use of gendered slurs, profanities, and insults",test,sexist (high confidence)
sexism2022_english-15863,i hate women sometimes.,not sexist,none,none,test,sexist (high confidence)
sexism2022_english-16024,"only people in my office in a shitty mood today our token wise latina and the silly single mom beaner burner. engineering group is all grins also, all white and all male, even their intern is wearing a red maga hate. lol.",not sexist,none,none,test,sexist (high confidence)
sexism2022_english-16073,put her in a plane then fly over her shit hole and push her out - job done!,sexist,"1. threats, plans to harm and incitement",1.2 incitement and encouragement of harm,test,sexist (high confidence)
sexism2022_english-16100,politics gabfam maga australia as msm develops a case of total silence while covering womens virtue signaling bs. must've been the vagina hats rather than the fgm and child rapes,sexist,2. derogation,2.1 descriptive attacks,test,sexist (high confidence)
sexism2022_english-1611,the only thing more gay than sucking a penis is going down on a woman. why would someone degrade themselves like that?,sexist,2. derogation,2.2 aggressive and emotive attacks,test,sexist (high confidence)
sexism2022_english-16152,stop coping women wear fakeup so they can attract chad,sexist,3. animosity,3.2 immutable gender differences and gender stereotypes,test,sexist (high confidence)
sexism2022_english-16193,"and you can bet money on it, she will receive no prison time as a punishment for her fake rape allegation. judge will say she as mental issues and she needs help.",sexist,4. prejudiced discussions,4.2 supporting systemic discrimination against women as a group,test,sexist (high confidence)
sexism2022_english-16287,"so, we should replace how old are you, ma'am? with so, are you still on the cock carousel or have you hit the wall and started a frantic search for some simp to support you? can i just keep ignoring them and going my own way?",not sexist,none,none,test,sexist (high confidence)
sexism2022_english-16340,"well if you have a penis you have to wear skinny jeans and be a beta, if you own a vagina, don't wash it for a week and bow up and act tough but be sure to scream you hit a girl if you're punched. oh and if you see a car coming move out of the way!",sexist,3. animosity,3.4 condescending explanations or unwelcome advice,test,sexist (high confidence)
sexism2022_english-16493,daily reminder that nobody seriously thinks like that. daily reminder that this is just payback to women for mocking us for our height and penis size.,sexist,3. animosity,3.2 immutable gender differences and gender stereotypes,test,sexist (high confidence)
sexism2022_english-16529,"i thought i was leading her after we started kissing. i was touching her everywhere, including the pussy. i was kissing up her inner thigh to there. thanks for the constructive criticism.",not sexist,none,none,test,sexist (high confidence)
sexism2022_english-16583,absolutely my friend. get men to accost and kill other men for them...and to hell with the grieving widow. she was not a feminist anyway.,not sexist,none,none,test,sexist (high confidence)
sexism2022_english-16610,is she a porn star? if she is i want to see that ass.,sexist,2. derogation,2.3 dehumanising attacks & overt sexual objectification,test,sexist (high confidence)
sexism2022_english-1667,"but she's a stacy and she's with a chad, the way it's supposed to be. the problem is women our looks match think they're only entitled to niggas that look like that",sexist,3. animosity,3.2 immutable gender differences and gender stereotypes,test,sexist (high confidence)
sexism2022_english-16679,yes he can only top men fuck non ugly women nowadays,not sexist,none,none,test,sexist (high confidence)
sexism2022_english-16740,so white foids are keeping black women from spreading the blackpill...they truly are the enemy.,sexist,2. derogation,2.2 aggressive and emotive attacks,test,sexist (high confidence)
sexism2022_english-16826,"well, i learned something new today. did she divorce rape him resistance is futile",sexist,4. prejudiced discussions,4.2 supporting systemic discrimination against women as a group,test,sexist (high confidence)
sexism2022_english-16870,germany teenage daughter of high-ranking eu official raped and murdered by afghan muslim invader same thing should happen to merkelpig..she deserves it,sexist,"1. threats, plans to harm and incitement",1.2 incitement and encouragement of harm,test,sexist (high confidence)
sexism2022_english-16881,she will def hit the wall hard and i never found her that attractive to begin with - but i think she has a few more good years left beeing 23 and all,sexist,3. animosity,3.3 backhanded gendered compliments,test,sexist (high confidence)
sexism2022_english-16905,"just look at the workplace, women get away with some crazy shit. i had a female supervisor comment that the placement of my nipples seemed low, everyone laughed. she was just joking around, double standard?",not sexist,none,none,test,sexist (high confidence)
sexism2022_english-16999,"that's assuming that in 96 years liberals haven't made it so that everyone is gay and prances around with their penises tucked between their legs, thinking they're women while they are scared of butterflies.",not sexist,none,none,test,sexist (high confidence)
sexism2022_english-17017,"well i live at my gym, and women are the same everywhere, so it's almost as if i do live at your gym.",sexist,3. animosity,3.2 immutable gender differences and gender stereotypes,test,sexist (high confidence)
sexism2022_english-17039,"statistic.. because women don't find plurals attractive, i say statistic not statistics stay true to yourselves fat shy introverts",sexist,3. animosity,3.2 immutable gender differences and gender stereotypes,test,sexist (high confidence)
sexism2022_english-17067,fucking world has gone nuts gorillas as beauty queens,not sexist,none,none,test,sexist (high confidence)
sexism2022_english-17071,"status looks if hes at a party with an absolute chad who has no status, the chicks at the party will go for him rather than the chad",sexist,3. animosity,3.2 immutable gender differences and gender stereotypes,test,sexist (high confidence)
sexism2022_english-17100,average man works 8 hours more thats a full day extra than the average woman and even after decades and study after study they refuse to accept thats the main reason. because that does not fit their narative.,sexist,4. prejudiced discussions,4.2 supporting systemic discrimination against women as a group,test,sexist (high confidence)
sexism2022_english-17108,no women love chads and tyrones with the bbc women love black men,sexist,3. animosity,3.2 immutable gender differences and gender stereotypes,test,sexist (high confidence)
sexism2022_english-17117,no woman prefers a short man.. this is a universal truth.,sexist,3. animosity,3.2 immutable gender differences and gender stereotypes,test,sexist (high confidence)
sexism2022_english-17168,nothing triggers me more than hearing that. if that's the case than prove it by practicing what you preach and burning off your own face you dumb cunt anybody who spouts this shit needs to be forcibly put in the same position as us.,sexist,3. animosity,"3.1 casual use of gendered slurs, profanities, and insults",test,sexist (high confidence)
sexism2022_english-17240,"fuck claire mccaskill, she is a super twat. i am voting against her, and everyone else in missouri should too.",sexist,3. animosity,"3.1 casual use of gendered slurs, profanities, and insults",test,sexist (high confidence)
sexism2022_english-17288,"i know mine is higher with smart women than dumb women. or rather, it's lower with dumb women because my lack of knowledge or interest in what insert celebrity did comes across as patronizing.",sexist,3. animosity,3.2 immutable gender differences and gender stereotypes,test,sexist (high confidence)
sexism2022_english-17330,"kavanaugh is fine, hardiman is fine. kethledge is probably fine. the women are not fine. mike lee is not fine.",not sexist,none,none,test,sexist (high confidence)
sexism2022_english-17346,if you were chad shed be on your cock right now for doing the same exact thing. let that sink in.,sexist,2. derogation,2.1 descriptive attacks,test,sexist (high confidence)
sexism2022_english-17358,soy boys pms worse than women cause it's 247. they get their delicate feelings hurt because of lack of testosterone...it's a problem!,sexist,3. animosity,3.2 immutable gender differences and gender stereotypes,test,sexist (high confidence)
sexism2022_english-17442,"im like seeing 2 girls right now, thinking of maybe adding another 1 or 2. no im not trolling, its doable, i need to make sure they are not needy haha",sexist,3. animosity,3.3 backhanded gendered compliments,test,sexist (high confidence)
sexism2022_english-17459,i don't see the appeal of it either which is why i don't think i'll ever buy one. but it comes with a lot less baggage than a real woman at a fraction of the price.,sexist,2. derogation,2.1 descriptive attacks,test,sexist (high confidence)
sexism2022_english-17469,well she can fuck off back to her shithole in the desert where she can suck moslem cock and be abused every day!!,sexist,"1. threats, plans to harm and incitement",1.2 incitement and encouragement of harm,test,sexist (high confidence)
sexism2022_english-17526,did you have another breakdown? read your posts back you are hysterical woman. take your meds leave the cider alone.,not sexist,none,none,test,sexist (high confidence)
sexism2022_english-17624,snowflakes better ban female dating strategy then,not sexist,none,none,test,sexist (high confidence)
sexism2022_english-1763,you're pushing a myth that white women give a fuck about amnesty. you're pushing another myth that they think immigration has anything to do with nazism.,sexist,3. animosity,3.2 immutable gender differences and gender stereotypes,test,sexist (high confidence)
sexism2022_english-17649,sadly most women love themselves a good slave....and most men oblige and submit out of weakness.,sexist,3. animosity,3.2 immutable gender differences and gender stereotypes,test,sexist (high confidence)
sexism2022_english-17776,"seems like a good deal to me. i mean, she's being useful and who the fuck cares what she says or thinks?",not sexist,none,none,test,sexist (high confidence)
sexism2022_english-17796,"so you run back to daddy whenever you need help. i thought men were sooo bad? lol. like i said at the end you need the help of men and can't do shit on your own. your dad must be a major cuck to raise such a stupid daughter, what went wrong",sexist,2. derogation,2.1 descriptive attacks,test,sexist (high confidence)
sexism2022_english-17826,"i'm the guy that fucks with aerospace engineer brainwashed monkie pieces of shit inbred looking cowardly fucks like you for the last say 7 years straight. it's my past time, bitch. what do you have school boy",sexist,3. animosity,"3.1 casual use of gendered slurs, profanities, and insults",test,sexist (high confidence)
sexism2022_english-17982,correct me if i'm wrong but i descended from the men of old who conquered countries. i will not be talked to like i am some piece of trash. i won't let a woman talk to me this way - don draper,not sexist,none,none,test,sexist (high confidence)
sexism2022_english-17984,"dating sites are good for two things looking at women youre not good enough for, and looking at women you dont want... guess which ones are gonna hit on you?",not sexist,none,none,test,sexist (high confidence)
sexism2022_english-17997,aren't most universities 60 female and yet females are still considered a minority and need help? there's no end to this.,sexist,4. prejudiced discussions,4.2 supporting systemic discrimination against women as a group,test,sexist (high confidence)
sexism2022_english-18057,ugallowboob must be just drowning in pussy,sexist,3. animosity,"3.1 casual use of gendered slurs, profanities, and insults",test,sexist (high confidence)
sexism2022_english-18058,"oh man i'm so sorry. yep that get's rammed down our throats from the moment we can understand never hit women, never and women know this, and they take advantage of it.",sexist,4. prejudiced discussions,4.2 supporting systemic discrimination against women as a group,test,sexist (high confidence)
sexism2022_english-18183,this comment is too logical for him. the emotions and desires have he on control once she sucks that cock he will put a ring on her. its over for weak will incels.,not sexist,none,none,test,sexist (high confidence)
sexism2022_english-18190,fuck her or tell her to fuck off.,not sexist,none,none,test,sexist (high confidence)
sexism2022_english-18213,"you incels bitch about how terrible and miserable and psychologically-damaging your lives are because you don't have sex, but as soon as a woman has surgery to get out of that situation, she's selfish?",sexist,3. animosity,"3.1 casual use of gendered slurs, profanities, and insults",test,sexist (high confidence)
sexism2022_english-18231,not if she wants it. only prudish women hate dirty talk from attractive men from the getgo.,sexist,3. animosity,3.2 immutable gender differences and gender stereotypes,test,sexist (high confidence)
sexism2022_english-18286,"i can see your knees young lady, open up.",not sexist,none,none,test,sexist (high confidence)
sexism2022_english-18300,i question why someone already has not taken out ol sour puss...i mean....she verbally vomits muslum cockroach shit...hates america...wants all americans dead...i say terminate her worthless ass with prejudice !!!,sexist,"1. threats, plans to harm and incitement",1.2 incitement and encouragement of harm,test,sexist (high confidence)
sexism2022_english-18308,"can you imagine just how incredibly butthurt the democrats would be if trump does so well that the first female president ends up his daughter ivanka. they try to make a witch the first female potus, and instead we get an angel lol. trump maga",not sexist,none,none,test,sexist (high confidence)
sexism2022_english-18325,if not talking is your strength then... i'd go for a release of information while you listen to her since it's more important to pay attention to what they say than bombarding them with info,sexist,3. animosity,3.2 immutable gender differences and gender stereotypes,test,sexist (high confidence)
sexism2022_english-18542,"fine, let's set up facebook pages with lists of women who have accused men falsely of being pedophiles, rapists, etc.",not sexist,none,none,test,sexist (high confidence)
sexism2022_english-18577,"how about the unworthy non-victims of non-rape hell, let's just go completely feminist-approved. the unworthy.",sexist,2. derogation,2.2 aggressive and emotive attacks,test,sexist (high confidence)
sexism2022_english-1868,"well you see, a strong female character is either 1. a fighting fucktoy 2. a mrs. male character",sexist,2. derogation,2.1 descriptive attacks,test,sexist (high confidence)
sexism2022_english-1869,success gril lets you piss on her women love by being a pickmeisha. men love by remembering her birthday.,sexist,3. animosity,3.2 immutable gender differences and gender stereotypes,test,sexist (high confidence)
sexism2022_english-18705,trump is communist you twat. he supports jews.,sexist,3. animosity,"3.1 casual use of gendered slurs, profanities, and insults",test,sexist (high confidence)
sexism2022_english-18709,i'm so sick of women hitting the wall. i'm getting a sex doll. they never do.,sexist,2. derogation,2.3 dehumanising attacks & overt sexual objectification,test,sexist (high confidence)
sexism2022_english-18715,"depends on the girl, on both sides of this. average girl gives an average blowjob, paid or not. and you can get high end escorts, or just more willing girls where its all on the table.",sexist,2. derogation,2.3 dehumanising attacks & overt sexual objectification,test,sexist (high confidence)
sexism2022_english-18766,"yeah. but its better when those conversations are with a woman you're fucking. but its generally not worth it. its like a wishing for a unicorn. great sex, great conversations, and no baggage?! yeah right...",sexist,2. derogation,2.1 descriptive attacks,test,sexist (high confidence)
sexism2022_english-18814,"you're an idiot white knight who enables the cheating behavior of women, and encourages women's false rape allegations.",sexist,4. prejudiced discussions,4.1 supporting mistreatment of individual women,test,sexist (high confidence)
sexism2022_english-18919,i would bang greg's woman provided it wasn't a man at some point.,sexist,2. derogation,2.3 dehumanising attacks & overt sexual objectification,test,sexist (high confidence)
sexism2022_english-19029,"lol - a story from another culture. 2000 years, all eves destroy all edens. 4000 years, epic of gilgamesh all women belittle men.",sexist,4. prejudiced discussions,4.2 supporting systemic discrimination against women as a group,test,sexist (high confidence)
sexism2022_english-19074,"does your mommy know youre playing on the computer, or is she out turning tricks with some brothers for some crack?",sexist,3. animosity,"3.1 casual use of gendered slurs, profanities, and insults",test,sexist (high confidence)
sexism2022_english-19078,"is this going to be the new crusade? instead of reporting women to the irs, reporting cheaters to their boyfriendshusbands?",not sexist,none,none,test,sexist (high confidence)
sexism2022_english-19087,she's like a black widow spider. how long did that take her? less than a year,not sexist,none,none,test,sexist (high confidence)
sexism2022_english-19131,rape is an inextricable part of women's history. your rape fantasy thinly disguised as sarcasm is testament to that.,sexist,3. animosity,3.4 condescending explanations or unwelcome advice,test,sexist (high confidence)
sexism2022_english-19155,that racist cunt would be in africa eating mud pies and nursing her 8th child from the 8th man who raped her if it werent for our white culture and assistance to these ungrateful negros,sexist,2. derogation,2.2 aggressive and emotive attacks,test,sexist (high confidence)
sexism2022_english-19161,"the best fucks are whores. you sound really sexist against women who are comfortable with their bodies, who hurt you?",sexist,3. animosity,3.3 backhanded gendered compliments,test,sexist (high confidence)
sexism2022_english-19260,dude ive fucked so many girls this way. nba dancer and nfl cheerleader. helps to have a nice car. im tall but i bet this would help short guys too,not sexist,none,none,test,sexist (high confidence)
sexism2022_english-19308,"the simple answer is that some women seem compelled to invade male-only spaces, feminists in particular fear allowing men to have their own spaces.",sexist,2. derogation,2.1 descriptive attacks,test,sexist (high confidence)
sexism2022_english-1932,"a slow transition starting w feminism, false rape reports on campus and the complete indifference in society for the suffering of those men which led me to the men's rights movement, than mgtow youtubers and trp.",sexist,4. prejudiced discussions,4.2 supporting systemic discrimination against women as a group,test,sexist (high confidence)
sexism2022_english-1938,the whole sex shaming and cover up culture is a feminine invention - and it's a shit test. and so is sex-positive feminism also a shit test.,sexist,4. prejudiced discussions,4.2 supporting systemic discrimination against women as a group,test,sexist (high confidence)
sexism2022_english-19528,drown her in pigs blood!!,sexist,"1. threats, plans to harm and incitement",1.2 incitement and encouragement of harm,test,sexist (high confidence)
sexism2022_english-19576,"they need to throw her under the prison, disgusting and vile woman.",sexist,"1. threats, plans to harm and incitement",1.2 incitement and encouragement of harm,test,sexist (high confidence)
sexism2022_english-19591,some white man needs to rescue her from her crazy ass judeo-marxist parents.,sexist,3. animosity,3.2 immutable gender differences and gender stereotypes,test,sexist (high confidence)
sexism2022_english-19601,those who are trying to make it big in business. having attractive female workers. these situations can happen. but in the end. it will all come back to you. either she records you or blackmails your sorry ass. there's no happy endings.,sexist,2. derogation,2.1 descriptive attacks,test,sexist (high confidence)
sexism2022_english-19842,"its just make up, shes got the face of a camel under there",sexist,2. derogation,2.3 dehumanising attacks & overt sexual objectification,test,sexist (high confidence)
sexism2022_english-19869,"crazy bimbo is back! white uncle tom rachel dolezal says she's trans-black. ugh, this dumb bitch! i thought society was through with her!",sexist,2. derogation,2.2 aggressive and emotive attacks,test,sexist (high confidence)
sexism2022_english-19907,"white knighting got him torched. hope his burns have taught him something important about female nature. but then again, manginas and simps rarely learn.",sexist,3. animosity,3.2 immutable gender differences and gender stereotypes,test,sexist (high confidence)
sexism2022_english-19925,i was delighted when pinkpillfeminism and gc got purged all the women were crying about it lol.,sexist,2. derogation,2.2 aggressive and emotive attacks,test,sexist (high confidence)
sexism2022_english-19966,it's part of the gynocentric society's effort to abolish all standards for women.,sexist,4. prejudiced discussions,4.2 supporting systemic discrimination against women as a group,test,sexist (high confidence)
sexism2022_english-2011,hopefully they deny her pussy pass and lock her up for a substantial amount of time.,sexist,4. prejudiced discussions,4.2 supporting systemic discrimination against women as a group,test,sexist (high confidence)
sexism2022_english-2078,"i disagree, i think very few serial killers are incel and violence in any form is attractive to females.",sexist,2. derogation,2.1 descriptive attacks,test,sexist (high confidence)
sexism2022_english-2115,"thing is buffers, i've met a number of white people with dreadlocks over the years, and they've all, to a man, been trustafarian cunts",sexist,3. animosity,"3.1 casual use of gendered slurs, profanities, and insults",test,sexist (high confidence)
sexism2022_english-2247,societal pressure to be like the guys on tv? self-worth seen as a driving factor for men? please tell me you are female.,not sexist,none,none,test,sexist (high confidence)
sexism2022_english-2285,post locked because it's being infested by incel manchildren from rmgtow. sure bud. we'll see who's gonna be laughing after 10 years when you get divorce raped.,sexist,4. prejudiced discussions,4.2 supporting systemic discrimination against women as a group,test,sexist (high confidence)
sexism2022_english-2392,"paul still can not get it. islam and feminism are divine spouses. feminism is not against all men, feminism is against only weak peaceful european men who refused to subjugate women.",sexist,4. prejudiced discussions,4.2 supporting systemic discrimination against women as a group,test,sexist (high confidence)
sexism2022_english-2412,"but if it was a photo shoot where she was spanked by a dude, willingly, feminist crazies would scream misogyny..",sexist,2. derogation,2.1 descriptive attacks,test,sexist (high confidence)
sexism2022_english-2498,"because the government dont give a shit! i wonder what would happen if laughing girl on the picture had a few paki cocks shoved up her arse? itd be a different story then! drain the swamp, execute the complicit.",not sexist,none,none,test,sexist (high confidence)
sexism2022_english-2524,i bet her future husband won't have anywhere near that much sex during his marriage lifetime with her.,sexist,2. derogation,2.1 descriptive attacks,test,sexist (high confidence)
sexism2022_english-2617,agreed. my wife is a babe too. i remember after our third child was born she went a while without shaving her underarms. not unattractive in the least. same beautiful blonde shade as her pussy hair.,sexist,3. animosity,"3.1 casual use of gendered slurs, profanities, and insults",test,sexist (high confidence)
sexism2022_english-2621,"crooked hillary wanted to send a drone strike out on julian assange can not wait till she gets charged! that bitch should hang, not just for treason but murder! clintoncash clintonbodycount",sexist,"1. threats, plans to harm and incitement",1.2 incitement and encouragement of harm,test,sexist (high confidence)
sexism2022_english-2659,where i am from. if a girl makes a move it usually means she is very desperate.,sexist,3. animosity,3.2 immutable gender differences and gender stereotypes,test,sexist (high confidence)
sexism2022_english-2665,i fuck strippers lol. it's a good time,not sexist,none,none,test,sexist (high confidence)
sexism2022_english-269,"i love how you tried to frame is as playing devil's advocate when it's really what you believe. actually i believe exterminating muslims and jews entirely. we should start with their women, to disable their reproductive capacity first.",sexist,"1. threats, plans to harm and incitement",1.2 incitement and encouragement of harm,test,sexist (high confidence)
sexism2022_english-2738,it is highly unlikely that female on male rape will ever be taken seriously. it's bunker hill.,sexist,4. prejudiced discussions,4.2 supporting systemic discrimination against women as a group,test,sexist (high confidence)
sexism2022_english-2790,"wed have to kill a couple women, and the rest would automatically fall in line. its a really simple model thats worked on literally every enslaved or captured population in history. what the fuck dude. enjoy your ban.",sexist,4. prejudiced discussions,4.2 supporting systemic discrimination against women as a group,test,sexist (high confidence)
sexism2022_english-2798,either you worship women or you're a misogynist.,sexist,4. prejudiced discussions,4.2 supporting systemic discrimination against women as a group,test,sexist (high confidence)
sexism2022_english-2818,"lol go for it dude, whamens can do no wrong",sexist,3. animosity,3.3 backhanded gendered compliments,test,sexist (high confidence)
sexism2022_english-2831,poisoned drinks fall under the category of real rape violent attacker. no grey area there. i guess one could discuss if women should go drinking at bars alone.,sexist,4. prejudiced discussions,4.1 supporting mistreatment of individual women,test,sexist (high confidence)
sexism2022_english-2876,that niggress is a straight up whore - the consummate product of the society you claim to be against because you're a conservative. smdh. you will attack a white girl because she's not a nigger whore. how seriously screwed is that?,sexist,2. derogation,2.2 aggressive and emotive attacks,test,sexist (high confidence)
sexism2022_english-2889,well of course she isn't playing videogames. that's something icky boys play. gross!,sexist,3. animosity,3.2 immutable gender differences and gender stereotypes,test,sexist (high confidence)
sexism2022_english-2915,"year round winter wear, for the icy elite bitch of today. she shears her sheep and wears their wool as a sign of dominance.",sexist,3. animosity,"3.1 casual use of gendered slurs, profanities, and insults",test,sexist (high confidence)
sexism2022_english-3032,"i see. i hope that your balls are metaphorical, little lady.",not sexist,none,none,test,sexist (high confidence)
sexism2022_english-3172,go get'chu sum white women's time to turn it around be a pimp before is too late!,not sexist,none,none,test,sexist (high confidence)
sexism2022_english-3216,"we've been together since yesterday, dont pretend you didnt know slut",sexist,3. animosity,"3.1 casual use of gendered slurs, profanities, and insults",test,sexist (high confidence)
sexism2022_english-328,"we will make her life and her supporter's lives a living hell... aww, who am i kidding? we'll do it either way.",sexist,"1. threats, plans to harm and incitement",1.1 threats of harm,test,sexist (high confidence)
sexism2022_english-3392,"just have 0 body fat dehydrated bro. ricels not gauntmaxxing volcel. holding ghoul frame theory's legit. i try contribute i'm no incel or got a pussy, sorry but rather me sorry than you sorry lads x",sexist,3. animosity,"3.1 casual use of gendered slurs, profanities, and insults",test,sexist (high confidence)
sexism2022_english-3395,did you guys notice how fuckin fat she is,not sexist,none,none,test,sexist (high confidence)
sexism2022_english-3404,from chapter 3 my answer to these men is always the same if you make it clear from the beginning that you are unwilling to put up with games . women do play games and turning around on the first test will give 0 results..,sexist,2. derogation,2.1 descriptive attacks,test,sexist (high confidence)
sexism2022_english-3419,"it's a fair trade i suppose. while we'll have to pay for the incarnation of yet another rabid sheboon, likely for life she's at least removed another future negroid criminal sperm donor from the pool.",sexist,2. derogation,2.3 dehumanising attacks & overt sexual objectification,test,sexist (high confidence)
sexism2022_english-3500,and women still rob men without touching them...,sexist,2. derogation,2.1 descriptive attacks,test,sexist (high confidence)
sexism2022_english-3521,katy thinks her bodacious boobs will let her get away with anything. she is an idiot !,not sexist,none,none,test,sexist (high confidence)
sexism2022_english-3586,"thank you. think of how you love a puppy, that's the love you must have for a woman. that is an excellent way to look at it.",sexist,3. animosity,3.3 backhanded gendered compliments,test,sexist (high confidence)
sexism2022_english-3617,in if ya got a problem pickin on female liyalists y not try someone your own size,not sexist,none,none,test,sexist (high confidence)
sexism2022_english-3755,"well, they define rape so women can't rape men. but i don't take my morality from feminists.",sexist,4. prejudiced discussions,4.2 supporting systemic discrimination against women as a group,test,sexist (high confidence)
sexism2022_english-3810,"i would rather not try to restrain a person and risk the chance of getting hit on the wrong spot and getting injured, you say women are easily restrained as if men are invulnerable but you can get hurt even by someone who looks weaker than you",not sexist,none,none,test,sexist (high confidence)
sexism2022_english-3853,i hate that limo-leftist cunt and her crossdressing jew.,sexist,3. animosity,"3.1 casual use of gendered slurs, profanities, and insults",test,sexist (high confidence)
sexism2022_english-389,"new tide pod chalenge---liberal women shud shove them up there vagina an see how long it takes 4 it 2 melt,-gay liberals shud stick it up there ass 4 the same reason,-",sexist,2. derogation,2.2 aggressive and emotive attacks,test,sexist (high confidence)
sexism2022_english-3890,don't support her or pay her way or you be come beta bux,not sexist,none,none,test,sexist (high confidence)
sexism2022_english-3906,"a fleshlight costs 80, doesn't demand more money and will never accuse you of sexual assault. winwinwin",sexist,2. derogation,2.1 descriptive attacks,test,sexist (high confidence)
sexism2022_english-3950,isnt that like when that witch pelosi said we have to pass it to see whats in it? that turned out well.,sexist,2. derogation,2.2 aggressive and emotive attacks,test,sexist (high confidence)
sexism2022_english-3962,i'm surprised how many morons are still on there. the slow learners eventually show up here and want to bitch and whine how victimized they were on twitter. huge snore. you went from a victim to a volunteer. i have zero empathy for the volunteers.,sexist,3. animosity,"3.1 casual use of gendered slurs, profanities, and insults",test,sexist (high confidence)
sexism2022_english-4069,michelle wolf without makeup - the unfunny 'uncle tom' joking comedian at the wh dinner. why do liberals admire ugly women?,sexist,3. animosity,3.3 backhanded gendered compliments,test,sexist (high confidence)
sexism2022_english-4119,"i have seen the original pic- that girl is most definitely worthy of breeding, if you don't agree then you are the homosexual.",sexist,3. animosity,3.3 backhanded gendered compliments,test,sexist (high confidence)
sexism2022_english-4167,"thanks for the response brotha, i'll work towards it. it's just another nasty remnant of my beta days. but like you said, i'm a man. men conquer.",sexist,3. animosity,3.2 immutable gender differences and gender stereotypes,test,sexist (high confidence)
sexism2022_english-4204,"most of what she verbalized was before anything happened right? shes protecting her social status and doesnt want to be labeled a slut. any time she says no, slow down, or stop during making outetc means you need to stop. thats the difference.",sexist,"1. threats, plans to harm and incitement",1.2 incitement and encouragement of harm,test,sexist (high confidence)
sexism2022_english-4232,"dangzagnut just sort be new here says someone whose account is 14 days old. the only one new here is you, and the way you are acting, i highly suspect you are female.",not sexist,none,none,test,sexist (high confidence)
sexism2022_english-4250,"depends on where you are, generally by military the bases they will, but away from them it's very hard. you shouldn't need prostitutes in japan, the women are very easy to pick up if you know how.",sexist,3. animosity,3.2 immutable gender differences and gender stereotypes,test,sexist (high confidence)
sexism2022_english-431,i guarantee you all the boys are black. its just white women falling for the black cock myth.,sexist,2. derogation,2.1 descriptive attacks,test,sexist (high confidence)
sexism2022_english-4456,muh poor oppressed women what is this retarded faggot shit?,sexist,4. prejudiced discussions,4.2 supporting systemic discrimination against women as a group,test,sexist (high confidence)
sexism2022_english-4523,disgusting woman.,not sexist,none,none,test,sexist (high confidence)
sexism2022_english-4575,i don't like malaysian girls..,sexist,2. derogation,2.2 aggressive and emotive attacks,test,sexist (high confidence)
sexism2022_english-460,this true . obese hideous women and stick thin men without an ounce of muscle or fat.,sexist,2. derogation,2.1 descriptive attacks,test,sexist (high confidence)
sexism2022_english-4656,hate and love is two sides of the same coin when it comes to women,sexist,3. animosity,3.2 immutable gender differences and gender stereotypes,test,sexist (high confidence)
sexism2022_english-4813,should've went mike tyson on her,sexist,"1. threats, plans to harm and incitement",1.2 incitement and encouragement of harm,test,sexist (high confidence)
sexism2022_english-4867,"absolutely. you hit the nail on the head, stop validating women that are not even invested. she probaby has 5 beta orbitters that like every fucking bs she posts on social media.",not sexist,none,none,test,sexist (high confidence)
sexism2022_english-4921,"perform fgm on the two doctors female family members, see how they like it. old time tribal brutality sharialaw",sexist,"1. threats, plans to harm and incitement",1.2 incitement and encouragement of harm,test,sexist (high confidence)
sexism2022_english-4950,"no, it's called 'guys like girls that look like bimbos' and it's a trend that needs to die. yes, some of it is uncanny territory, but the botox lips and hooker paint job is a design choice.",sexist,2. derogation,2.3 dehumanising attacks & overt sexual objectification,test,sexist (high confidence)
sexism2022_english-5246,i just say i'm waiting to fall in love which is usually followed by their awwws. it's better to say that rather then giving them logical answers as to why you have made a conscious decision to avoid women.,not sexist,none,none,test,sexist (high confidence)
sexism2022_english-5262,a girl who comes up with terms like substantial clitoris definitively reads like a fat girl with self esteem issues. that whole story reeks of fat girl with mental issues.,not sexist,none,none,test,sexist (high confidence)
sexism2022_english-5263,"as i've always said, girls who behave like ladies get treated like ladies, girls who act like tramps get treated like tramps. great example of this.",sexist,2. derogation,2.1 descriptive attacks,test,sexist (high confidence)
sexism2022_english-5318,who the fuck would believe that fat landwhale that someone would want to rape her lel.,sexist,4. prejudiced discussions,4.1 supporting mistreatment of individual women,test,sexist (high confidence)
sexism2022_english-5368,"it's sad. a few years ago, it was all positive masculinity, self-improvement, with a side of game. these days, they've put the pussy on the pedestal as bad as the bp crowd.",sexist,4. prejudiced discussions,4.2 supporting systemic discrimination against women as a group,test,sexist (high confidence)
sexism2022_english-5385,next time she suggest to go somewhere tell her you're helping out meeting another girl to hang out or so. you will see if she values you. if she doesn't suggest anything ignore her.,not sexist,none,none,test,sexist (high confidence)
sexism2022_english-5410,"that ruins the fun. now all wives are going to say something like you dont need another one, you already have one that can shoot everything",not sexist,none,none,test,sexist (high confidence)
sexism2022_english-5424,"women when they're referred to as women i'm not a female profession, i'm a profession women when talking about incarceration that's not just any prisoner, that's a female prisoner.",sexist,2. derogation,2.1 descriptive attacks,test,sexist (high confidence)
sexism2022_english-5579,oh ok. so is it just premarital sex that makes a woman a whore? what if she ends up marrying the man she has sex with?,sexist,3. animosity,"3.1 casual use of gendered slurs, profanities, and insults",test,sexist (high confidence)
sexism2022_english-5599,karma's a bitch!,sexist,3. animosity,"3.1 casual use of gendered slurs, profanities, and insults",test,sexist (high confidence)
sexism2022_english-5669,"why is it ok to say women have greater empathy, are better at caring and communicating but you simply can't say men are more logical rational?",sexist,3. animosity,3.2 immutable gender differences and gender stereotypes,test,sexist (high confidence)
sexism2022_english-5827,we ban females,sexist,4. prejudiced discussions,4.2 supporting systemic discrimination against women as a group,test,sexist (high confidence)
sexism2022_english-5832,this is about false rape charges and how wives use the laws to torture and get money from the brides family.....highly recommend to watch full video ....its mind blowing,not sexist,none,none,test,sexist (high confidence)
sexism2022_english-5886,do a stone ole stunna on may the hag she has got to go uk is so cuck we need a duterte shoot the fukas,sexist,2. derogation,2.2 aggressive and emotive attacks,test,sexist (high confidence)
sexism2022_english-5906,"i hate girls like this. like a girl could be perfect 10, but once you realize she knows it, and only wants to exploit people and doesn't care about genuine interaction, she automatically becomes the ugliest girl in the world.",not sexist,none,none,test,sexist (high confidence)
sexism2022_english-5931,"any woman can be a sex worker. any idiot can do a lot of jobs, we still respect them because the job sucks. literally in some cases. man can rarely be. men frequently are sex workers, they're just sucking a looooot of dick.",not sexist,none,none,test,sexist (high confidence)
sexism2022_english-5961,hate this smug cunt. squeezing the life from her with my hands clasped about her neck would be the most worthwhile thing i ever did in my life. bitch. i mean spectre not empress,sexist,2. derogation,2.2 aggressive and emotive attacks,test,sexist (high confidence)
sexism2022_english-5963,can a female please slap her.,sexist,"1. threats, plans to harm and incitement",1.2 incitement and encouragement of harm,test,sexist (high confidence)
sexism2022_english-5965,i mean im ok with girls that have flat ironing board bodies too. you got pretty high standards for an incel,sexist,2. derogation,2.1 descriptive attacks,test,sexist (high confidence)
sexism2022_english-6033,curves does it for women. im sure women would collectively sue for access to the gym if it were a company. we should start a mgtow gym in peoples garages or a warehouse similar to the heman woman-haterz club.,sexist,2. derogation,2.1 descriptive attacks,test,sexist (high confidence)
sexism2022_english-6096,ms...fernandez killed her 8 year old son because she thought he was gay no words about a father being involved with the child. how about having something other than a female around to mentor and direct a boy into manhood?,sexist,2. derogation,2.1 descriptive attacks,test,sexist (high confidence)
sexism2022_english-6123,she's a fucking raptalian piece of shit.,not sexist,none,none,test,sexist (high confidence)
sexism2022_english-6198,not an asshole. i feel disgusted too. we're such a pc society that they've posted photos of the kid when he was little and calling him a girl. they are so afraid to have him face the truth about his biology and gender. sickening.,sexist,2. derogation,2.2 aggressive and emotive attacks,test,sexist (high confidence)
sexism2022_english-625,"imagine the woman you find most attractive in the world, she would let him fuck her in the ass on their first date. there is no competing, you never even qualified for the event.",sexist,2. derogation,2.3 dehumanising attacks & overt sexual objectification,test,sexist (high confidence)
sexism2022_english-6251,who gives a f if you are fat or not ? get over yourself little girl,not sexist,none,none,test,sexist (high confidence)
sexism2022_english-6255,"a 46 year old virgin, ignorant of female nature, thirsting after a slut and goes into creep mode when rejected. prostitution would stop this simp behavior and i know internal validation is ideal but some guys just need to get fucking laid!",sexist,2. derogation,2.2 aggressive and emotive attacks,test,sexist (high confidence)
sexism2022_english-6275,men need women like hemorrhoids and parasites to live happily.,sexist,2. derogation,2.3 dehumanising attacks & overt sexual objectification,test,sexist (high confidence)
sexism2022_english-6304,"come to think of it see what i did there? . . . in my experience, an awful lot of women who are in dire need of an iq upgrade seem to be trying this out.",sexist,3. animosity,3.2 immutable gender differences and gender stereotypes,test,sexist (high confidence)
sexism2022_english-6353,girls who come here love the drama and intrigue of the crazy and aggressive incels. incel game a thing when?,not sexist,none,none,test,sexist (high confidence)
sexism2022_english-6442,"listen i'm not shaming people for their looks, but i am though. give an ugly guy a chance, he thinks he rules the world i know this is not very christian but her head would look nicely on a spike",sexist,"1. threats, plans to harm and incitement",1.1 threats of harm,test,sexist (high confidence)
sexism2022_english-6450,"haha that could happen, unless he totally gets engulfed by pussy that he cuts me off.",sexist,3. animosity,"3.1 casual use of gendered slurs, profanities, and insults",test,sexist (high confidence)
sexism2022_english-647,i picture the life of an incel as being like peter parker in sam raimi's spiderman 2 without the spiderman powers. if most women had to live like that they'd go full elliot roger in about ten minutes.,sexist,2. derogation,2.1 descriptive attacks,test,sexist (high confidence)
sexism2022_english-6609,"kind of lost me there stacy is just a hot girl, has nothing to do with hair color, the most giga stacey of all time has dark hair and so do many other stacies also charli is a kid lol",not sexist,none,none,test,sexist (high confidence)
sexism2022_english-6629,well then good because someone has to knock her ass back in line when she acts like a woman and posts bullshit about her based minorities. if someone is not white they are not one of us.,sexist,2. derogation,2.2 aggressive and emotive attacks,test,sexist (high confidence)
sexism2022_english-665,serves the cunt right. indian women are one of the biggest whores on this planet. i find them disgusting and repulsive.,sexist,2. derogation,2.1 descriptive attacks,test,sexist (high confidence)
sexism2022_english-6693,"granny, just answer the question, please. i am sure it triggers women a lot since they are self-conscious about their weight much more than about their n count lol",sexist,3. animosity,3.2 immutable gender differences and gender stereotypes,test,sexist (high confidence)
sexism2022_english-6736,like the stunning and brave woman that stopped the police by showing her pussy. as if police was there only for her...,not sexist,none,none,test,sexist (high confidence)
sexism2022_english-6741,out of boredom i decided to read quite a few of the posts from cheeky monkey. my wife and i can't decide whether it's 1. a teenage girl or 2. just a cunt i know it's possible to be both but i'm guessing it's 1 and my wife says 2.,sexist,3. animosity,"3.1 casual use of gendered slurs, profanities, and insults",test,sexist (high confidence)
sexism2022_english-6761,every time i hear a woman say 'i don't care.' i immediately know the opposite is true.,sexist,2. derogation,2.1 descriptive attacks,test,sexist (high confidence)
sexism2022_english-6795,don't run away like a little jewish girl.,sexist,3. animosity,3.2 immutable gender differences and gender stereotypes,test,sexist (high confidence)
sexism2022_english-6808,theview is trying to keep professional slut stormydaniels and her sidekick attorney relevant by having them on the view. and on a segment called the political view nonetheless,sexist,2. derogation,2.2 aggressive and emotive attacks,test,sexist (high confidence)
sexism2022_english-6846,"i finally found muh nawalt princess. i'm in a much better place. yea, setting yourself to get taking advantage of again. this girl you're with will take everything this time. fuck.",sexist,2. derogation,2.1 descriptive attacks,test,sexist (high confidence)
sexism2022_english-6848,those women probably virtue signal about hating toxic masculinity,not sexist,none,none,test,sexist (high confidence)
sexism2022_english-6966,"1 the youre an incel insult only works on actual incels, so uhh, nice attempt i guess 2 youre calling me out because im insulting women. therefore you are in fact, defending them",not sexist,none,none,test,sexist (high confidence)
sexism2022_english-6974,it's always low tier girls too 610 rainbow bowl cut freckles and those horrible glasses.,sexist,2. derogation,2.1 descriptive attacks,test,sexist (high confidence)
sexism2022_english-6980,"yeah mate , in my 3 years working in it i have learned almost all the older ladies that work in this line have an agenda of their own and they seem to targetbully the weakest person in this office just to feel better about themself",sexist,2. derogation,2.1 descriptive attacks,test,sexist (high confidence)
sexism2022_english-7003,sounds like the only sensible thing to do is don't let male or female brown people ever see or get near white women. the female is going to get insanely jealous and the male is going to try to rape her... not a good situation.,sexist,3. animosity,3.2 immutable gender differences and gender stereotypes,test,sexist (high confidence)
sexism2022_english-7005,"are your chromosomes xx? if so, you're 100 female.",sexist,3. animosity,3.4 condescending explanations or unwelcome advice,test,sexist (high confidence)
sexism2022_english-7026,"further, she also worries that evaluations of math skills can perpetuate discrimination against minorities, especially if they do worse than their white counterparts. she can't tell discrimination from objective failure",sexist,3. animosity,3.4 condescending explanations or unwelcome advice,test,sexist (high confidence)
sexism2022_english-7156,"best solution is this buy a fleshlight, rent a pros, have the whore hold the fleshlight above her pussy, pound away and hold her tits. brutal. i love it.",sexist,2. derogation,2.2 aggressive and emotive attacks,test,sexist (high confidence)
sexism2022_english-7226,"if wealth and status were the deal-maker, women would fuck on the first date since most guys start bragging about their jobs 5 mins in. ... when was the last time you dated someone? this is the norm if you have a good job like myself.",sexist,2. derogation,2.1 descriptive attacks,test,sexist (high confidence)
sexism2022_english-7252,"youre right, friendship and setting boundaries is whats more important than a chick",not sexist,none,none,test,sexist (high confidence)
sexism2022_english-7317,when she lists all of her baggage as cutesy attributes on tinder. tinderthots - part 923,sexist,3. animosity,"3.1 casual use of gendered slurs, profanities, and insults",test,sexist (high confidence)
sexism2022_english-7356,"the lawyer chick will shoot down the mcdonald's guy, every time, no matter how he looks. that's just the world that we live in. agree to disagree, i suppose.",sexist,3. animosity,3.2 immutable gender differences and gender stereotypes,test,sexist (high confidence)
sexism2022_english-7359,this woman is just stupid.,sexist,2. derogation,2.1 descriptive attacks,test,sexist (high confidence)
sexism2022_english-7425,to minimize the percentage of deleterious mutations in your offspring so their genetic fitness is maximized for finding a mate and procreating further you idiot woman.,not sexist,none,none,test,sexist (high confidence)
sexism2022_english-7455,kick the trans in her man eat,sexist,"1. threats, plans to harm and incitement",1.2 incitement and encouragement of harm,test,sexist (high confidence)
sexism2022_english-7511,"solid rp truth. i like you. hell, you can come over and fuck my sister.",not sexist,none,none,test,sexist (high confidence)
sexism2022_english-7561,so how did men reproduce before the female virus kicked in?,sexist,2. derogation,2.3 dehumanising attacks & overt sexual objectification,test,sexist (high confidence)
sexism2022_english-7597,damn. this response just seems of female entitlement.,not sexist,none,none,test,sexist (high confidence)
sexism2022_english-7647,typical praising of women and bashing of men. they're so predictable. and dumb.,sexist,3. animosity,3.2 immutable gender differences and gender stereotypes,test,sexist (high confidence)
sexism2022_english-766,"thank you for giving these examples. it seems that whilst helping women gain status society forgot men, which is incredibly sad. i hope society realises its mistakes and sorts them out.",sexist,4. prejudiced discussions,4.2 supporting systemic discrimination against women as a group,test,sexist (high confidence)
sexism2022_english-7675,"no. they wait for a man to build something really nice, then get the federal government to take half and give it to women because it's wrong to keep a gender out, followed immediately by creating all female versions.",sexist,4. prejudiced discussions,4.2 supporting systemic discrimination against women as a group,test,sexist (high confidence)
sexism2022_english-7708,let's sum this up jews get the oven. jew lovers get the rope. single mothers get the rope. freudian psychologists get the oven. merchant thirsters are niggers.,sexist,"1. threats, plans to harm and incitement",1.1 threats of harm,test,sexist (high confidence)
sexism2022_english-7851,"this lady needs to be grounded, when woman acts way above her objective value it leads to destruction of society. she wants chad thundercocka with merc but she doesnt deserve a taxi driver. what a disgusting human being.",sexist,2. derogation,2.1 descriptive attacks,test,sexist (high confidence)
sexism2022_english-7860,shes def no victim as he didnt rape her shes married cheats on her husband bad judgment personally professionally period,sexist,4. prejudiced discussions,4.1 supporting mistreatment of individual women,test,sexist (high confidence)
sexism2022_english-7873,"you know who are the worst type of feminists? it is the male feminists like you. mras do not hate women. we hate feminists. nearly 13rd of them are males. in fact, male feminists are way worst than female feminists.",sexist,2. derogation,2.2 aggressive and emotive attacks,test,sexist (high confidence)
sexism2022_english-7888,how great is this pic of duterte with some of his troops? i usually am not in favor of female soldiers but i may make an exception here,sexist,3. animosity,3.3 backhanded gendered compliments,test,sexist (high confidence)
sexism2022_english-7902,this is what happens to guys who don't get pussy.,sexist,2. derogation,2.3 dehumanising attacks & overt sexual objectification,test,sexist (high confidence)
sexism2022_english-7984,guys! red just said he likes his dog better than women! incels would totally fuck a dog over a cum-faced stacy. that is the blackest of dogpills. or the doggest of blackpills?,sexist,2. derogation,2.3 dehumanising attacks & overt sexual objectification,test,sexist (high confidence)
sexism2022_english-8091,people need to be attracted to each other physically to be in a relationship. most women dont get sexually excited at the sight of chad citation needed.,sexist,3. animosity,3.2 immutable gender differences and gender stereotypes,test,sexist (high confidence)
sexism2022_english-8115,never ltr club girls. fucking stupid. i dont even care about her bullshit story.,not sexist,none,none,test,sexist (high confidence)
sexism2022_english-8173,"i dont even believe in everything trp preaches, but this story is not an exception to what they say. that pussy must have been something dangerous for you to keep going back to her like she had you on a line.",sexist,3. animosity,"3.1 casual use of gendered slurs, profanities, and insults",test,sexist (high confidence)
sexism2022_english-820,any romance story written by a woman pretty much revolves around her getting pummeled by a chad or two.,sexist,3. animosity,3.2 immutable gender differences and gender stereotypes,test,sexist (high confidence)
sexism2022_english-8218,trump is bibi's bitch-boi! white helmets plotting false flag chemical attack in southern syria sources syria bibisbitch,sexist,3. animosity,"3.1 casual use of gendered slurs, profanities, and insults",test,sexist (high confidence)
sexism2022_english-8281,"she named her child hosanna, do you expect healthy human behaviour from her? she is a textbook white trash from what i can see.",not sexist,none,none,test,sexist (high confidence)
sexism2022_english-8351,but then who will fuck your mom and little sister?,sexist,3. animosity,"3.1 casual use of gendered slurs, profanities, and insults",test,sexist (high confidence)
sexism2022_english-8398,in ls dressed up as anne and let me beat her with a der spiegel newspaper while spraying her with lysol i would pay good money for that,sexist,"1. threats, plans to harm and incitement",1.1 threats of harm,test,sexist (high confidence)
sexism2022_english-8409,amazing what i am hearing on the news this morning. not even 7am and my blood is boiling. gonna be one angry bitch old lady today!,sexist,3. animosity,"3.1 casual use of gendered slurs, profanities, and insults",test,sexist (high confidence)
sexism2022_english-8452,"new male successes will arise out of the ashes of lost ones like comic culture, pc gaming, herioc fantasy, boyscouts etc. may they forever remained scorned and ridiculed by women.",sexist,3. animosity,3.2 immutable gender differences and gender stereotypes,test,sexist (high confidence)
sexism2022_english-8462,that ho is nothing but a cat's full little box throw her to the dump!,sexist,2. derogation,2.2 aggressive and emotive attacks,test,sexist (high confidence)
sexism2022_english-8489,"yes, it's one part of the u.n. nwo new age pkg involving ancient sacred feminine mother earth gaia worship, etc, to destroy all of mankind. our enemy has many far reaching tentacles has been very busy.",not sexist,none,none,test,sexist (high confidence)
sexism2022_english-8503,and toxic masculinity is actually a byproduct of toxic femininity.,sexist,4. prejudiced discussions,4.2 supporting systemic discrimination against women as a group,test,sexist (high confidence)
sexism2022_english-8575,"you know when negotiating for a job you aim high then settle. she's asking for 30hr when you are trying to figure if giving her 12-14hr will be enough to be a night manager at bk. it's a goal of some chicks to brag on, a trophy of sortd",sexist,3. animosity,3.4 condescending explanations or unwelcome advice,test,sexist (high confidence)
sexism2022_english-8621,"no he is tall arab chad lite, i have videos of her naked from when she was a camgirl for a short while",not sexist,none,none,test,sexist (high confidence)
sexism2022_english-8690,"isn't it convenient that she doesn't have the video of this guy threatening to kill her! she films every moment of her life, but the one time someone threatens to kill her, it's turned off? give me a break.",sexist,4. prejudiced discussions,4.1 supporting mistreatment of individual women,test,sexist (high confidence)
sexism2022_english-8739,...and kill their women and then get away with it scoff-free because sanctuary cities will treat us like first-class citizens in need of special protection from the big bad evil cheeto hitler drumpfffff.,sexist,"1. threats, plans to harm and incitement",1.2 incitement and encouragement of harm,test,sexist (high confidence)
sexism2022_english-8878,no thank you i've had my self-confidence destroyed by indian women since birth,sexist,2. derogation,2.2 aggressive and emotive attacks,test,sexist (high confidence)
sexism2022_english-8889,most here would fuck her.,sexist,3. animosity,3.3 backhanded gendered compliments,test,sexist (high confidence)
sexism2022_english-8892,it will not stop until women are hurt enough by genital mutilation to decide it is a bad thing. only then can we move to ban it for boys.,sexist,4. prejudiced discussions,4.2 supporting systemic discrimination against women as a group,test,sexist (high confidence)
sexism2022_english-8907,"i couldn't care that women don't want trans in women's sports, men aren't allowed any spaces to themselves, now its women's turn. i love the trans community.",sexist,4. prejudiced discussions,4.2 supporting systemic discrimination against women as a group,test,sexist (high confidence)
sexism2022_english-8926,f - face has it fallen on one side? a - arms can they raise them? s - speech is it slurred? t - time... to get her knickers down. the rohypnol has kicked in.,sexist,"1. threats, plans to harm and incitement",1.2 incitement and encouragement of harm,test,sexist (high confidence)
sexism2022_english-90,teenagers don't get a levels now they get cellulite and yes vicky pollard has increased and many bald headed dykes as well we need hufty she was a fuck fest,sexist,2. derogation,2.2 aggressive and emotive attacks,test,sexist (high confidence)
sexism2022_english-9087,i would pay to see her ass cracker. nsfw,sexist,2. derogation,2.3 dehumanising attacks & overt sexual objectification,test,sexist (high confidence)
sexism2022_english-9116,dick sexually battered a woman after groping her? impossible! dick has to hands to grope with!,sexist,4. prejudiced discussions,4.1 supporting mistreatment of individual women,test,sexist (high confidence)
sexism2022_english-9124,"i started to loose attraction to black women in middle school ,they just seem to only date hood niggas",sexist,3. animosity,3.2 immutable gender differences and gender stereotypes,test,sexist (high confidence)
sexism2022_english-9177,u must have quite the gift of gab to do p4p without it coming back to kick ur marriage in the nutslike blackmail or false rape charge good for u. wut age range are the females who u get with since ur wife refuses to meet ur needs?,sexist,2. derogation,2.1 descriptive attacks,test,sexist (high confidence)
sexism2022_english-919,all older women want relationships doesn't matter the app,sexist,3. animosity,3.2 immutable gender differences and gender stereotypes,test,sexist (high confidence)
sexism2022_english-9209,girls on social media who say they are christians girls who say they go to church i'm a quiet good wholesome girl back with alpha its okay god says anal doesn't count thegreattriggering,not sexist,none,none,test,sexist (high confidence)
sexism2022_english-9211,"ive always have heard it as an emotional tampon, which means absorbing all her emotional discharge.",not sexist,none,none,test,sexist (high confidence)
sexism2022_english-9256,thanks bro! love me some big titty asian women!,not sexist,none,none,test,sexist (high confidence)
sexism2022_english-9435,"sv whores might be an interesting read. buy her 3k of jewelry, do the business, give her receipt, she returns it less a small restocking fee etc etc.",sexist,3. animosity,"3.1 casual use of gendered slurs, profanities, and insults",test,sexist (high confidence)
sexism2022_english-9440,surprised sheila jackson lee can keep a fried chicken leg out of her mouth long enough to show up in front of cameras and talk. shes a greasy ass nappy ho.,sexist,2. derogation,2.2 aggressive and emotive attacks,test,sexist (high confidence)
sexism2022_english-9477,not really when it comes to approaching them. most women don't like to be approached. they might say they do but then when they do get approached they don't like it and call the guy a creep.,sexist,3. animosity,3.2 immutable gender differences and gender stereotypes,test,sexist (high confidence)
sexism2022_english-949,lol that fat girl .... black men cant catch up to us so they are angry ..... sooo black men are angry because they are not marrying black women .... lol bitch plz,sexist,3. animosity,"3.1 casual use of gendered slurs, profanities, and insults",test,sexist (high confidence)
sexism2022_english-9520,"so leading women on, and using them for materialistic sex. how found of you. your ego creating thots you claim ya hate",not sexist,none,none,test,sexist (high confidence)
sexism2022_english-9648,i like how it says battle for equality even though it's an all-female coalition.,sexist,4. prejudiced discussions,4.2 supporting systemic discrimination against women as a group,test,sexist (high confidence)
sexism2022_english-9684,"even femcelsthe hambeats on it admitt that they could easily get sex if they wanted. theres nothing you have to do to get sex as female. you dont even have to be female, even transwomen are enough in 2k18",sexist,3. animosity,3.2 immutable gender differences and gender stereotypes,test,sexist (high confidence)
sexism2022_english-9824,"this is why every man should date down significantly. you need to be the one in control. you need to make more money, have more options and be better lookingmore fit.",not sexist,none,none,test,sexist (high confidence)
sexism2022_english-9935,"dont misunderstand me, i love my mother to death. at the same time, i would also like to give her a few slaps due to her meddling in my affairs.",sexist,"1. threats, plans to harm and incitement",1.1 threats of harm,test,sexist (high confidence)
sexism2022_english-9943,"nah the horse face told someone that she was not attracted to me at all. its a very good thing she was banging a guy at the job everyone tough was gay, he was cheating on is wife with that ugly toth",not sexist,none,none,test,sexist (high confidence)
sexism2022_english-9984,not my problem lol i doubt it is as bad as reputed... i have known a few irish women who were quite pleasant to live with.,sexist,3. animosity,3.3 backhanded gendered compliments,test,sexist (high confidence)
sexism2022_english-9996,"yep, and it converts female into wacky thing without hips nor brain, strongly believing they are boys at least, what they think boys are.",not sexist,none,none,test,sexist (high confidence)
sexism2022_english-9998,"since 1973, america has sanctioned the murder of over 58 million children so that their mother's can live as they wish.",sexist,4. prejudiced discussions,4.2 supporting systemic discrimination against women as a group,test,sexist (high confidence)
